{
  "sfd": 0.9782270661724992,
  "gd": 0.9588170542182491,
  "tt": 0.9530011701521937,
  "skip": 0.9152938181027225,
  "refix": 0.7397536530712226,
  "regr": 0.6608161532788095
}